idx,word,url
1,above,https://elimufeynman.s3.amazonaws.com/media/resources/above---below.jpg
2,apple,https://th.bing.com/th/id/R.cc218d0b9f75747dcba3124f6a27c057?rik=f6nta9TqcKBw8A&riu=http%3a%2f%2f2.bp.blogspot.com%2f-hdkXfWeRV4A%2fTdizZhkLhhI%2fAAAAAAAAHUA%2fGlC3S4HL8vE%2fs1600%2f139865_1.jpg&ehk=bbwjHMEioXz7X1Fo4e%2b7q5zksOCAv8h5Rw8gKs7sGw8%3d&risl=&pid=ImgRaw&r=0
3,artist,"https://www.thoughtco.com/thmb/GTOXmI4qFUrkunbkTjRE7m75li4=/5008x3482/filters:fill(auto,1)/artist-working-on-painting-concentrating-in-studio--937161320-5c8f067546e0fb00016ee0e4.jpg"
4,aunt,https://babysignlanguage.com/flash_cards/aunt.jpg
5,autumn,http://thewowstyle.com/wp-content/uploads/2015/08/first-day-of-autumn..jpg
6,bananas,https://www.gepaghana.org/cms/wp-content/uploads/2017/04/banana.jpg
7,beach,http://media.cntraveler.com/photos/5970dfbc5613850539d634c3/master/pass/Maui-SecretBeach-4x3-GettyImages-127067237.jpg
8,bear,https://www.wikiality.com/file/2016/11/bears1.jpg
9,between,http://clipart-library.com/newhp/394-3943635_under-between.png
10,bird,http://2.bp.blogspot.com/-LZ4VixDdVoE/Tq0ZhPycLsI/AAAAAAAADDM/OKyayfW-z4U/s1600/beautiful_Birds_wallpapers_pictures_Kingfisher_Lilac+Breasted+Roller+Bird.JPG
11,blend,https://perfectweb.s3.amazonaws.com/mandino/assets/images/products/blend-background-1.jpg
12,bookcase,https://images.antiquesatlas.com/dealer-stock-images/georgianantiques/Large_Victorian_Mahogany_Open__as178a4166z.jpg
13,born,http://images.huffingtonpost.com/2016-04-12-1460483390-1737677-Fotolia_78368536_Subscription_Monthly_M.jpg
14,both,https://i.ytimg.com/vi/NHr7IlI1xvs/maxresdefault.jpg
15,bottle,http://upload.wikimedia.org/wikipedia/commons/1/16/Empty_Wine_bottle.jpg
16,bread,https://i2.wp.com/gatherforbread.com/wp-content/uploads/2014/01/Whole-Grain-Bread-Copy.jpg
17,brother,https://i.ytimg.com/vi/oB345pjEyO4/maxresdefault.jpg
18,bumpy,https://images2.pics4learning.com/catalog/c/csomethingbumpy.jpg
19,butterfly,http://4.bp.blogspot.com/-rJ1Ge50Izt8/T_1r9d3aaHI/AAAAAAAAMrM/FTqis2SE3b8/s1600/Butterfly4.jpg
20,caboose,http://www.todayifoundout.com/wp-content/uploads/2015/06/caboose.jpg
21,carrots,"https://www.thespruce.com/thmb/3mcne1wPfT86MWaKiz-w7bXPNsc=/2151x1396/filters:fill(auto,1)/120376721-56a3467e3df78cf7727ca54a.jpg"
22,cat,https://wallpaperaccess.com/full/275808.jpg
23,cereal,http://www.todayifoundout.com/wp-content/uploads/2016/05/breakfast-cereal.png
24,chilly,https://www.harighotra.co.uk/images/Shutterstock/chillies_560x560.jpg
25,circle,https://webstockreview.net/images/clipart-circle-colored-1.png
26,cloudy,https://static.independent.co.uk/s3fs-public/thumbnails/image/2013/10/12/21/CLOUDSbyafpgetty.jpg
27,crawl,https://www.babycenter.com/ims/2018/01/iStock-171335701_wide.jpg
28,countryside,https://www.placestogoforluxury.com/wp-content/uploads/2013/03/Peak-District-luxury-holiday-ideas.jpg
29,cousin,https://th.bing.com/th/id/R.21f4435769270df7af9e2da1002a703b?rik=FU43vsl5pvSrzg&riu=http%3a%2f%2fimages.clipartpanda.com%2fcousin-clipart-cousins-clipart-1.jpg&ehk=4%2blSJ2ei4P5hbCl6DfIfNoADQiUx9hA37%2bIcil7aEq0%3d&risl=&pid=ImgRaw&r=0
30,cow,http://upload.wikimedia.org/wikipedia/commons/f/ff/Jersey_cow%2C_close-up.jpg
31,dad,https://4.bp.blogspot.com/-kxz3KDekWfc/WSgStYiBSEI/AAAAAAAA258/opuMy_tfDJoZHIYPgHpfaeJDFzx2IHc4gCLcB/s1600/dad3.jpg
32,dance,http://www.taneodanceacademy.com/wp-content/uploads/2017/01/SAM_3132.jpg
33,day,http://dreamicus.com/data/day/day-01.jpg
34,delicious,https://www.theplazarestaurant.com/wp-content/uploads/2018/05/Plaza-46-min.jpg
35,delighted,http://2.bp.blogspot.com/-x0u-yRoIOk0/T9IJA11dJ9I/AAAAAAAABBI/YGfm5Z0mW8M/s1600/delight.jpg
36,doctor,https://irp-cdn.multiscreensite.com/d8037e1a/dms3rep/multi/Functional+Medicine+Doctor+Chicago.jpeg
37,dog,https://www.rd.com/wp-content/uploads/2016/01/04-dog-breeds-dalmation.jpg
38,eggs,https://static.fanpage.it/wp-content/uploads/sites/22/2021/01/iStock-512890822.jpg
39,elephant,https://upload.wikimedia.org/wikipedia/commons/3/37/African_Bush_Elephant.jpg
40,everyplace,http://a1.mzstatic.com/us/r1000/012/Purple/87/45/03/mzi.ekwxdswd.jpg
41,farmer,https://www.atlanticcouncil.org/wp-content/uploads/2020/09/An-Indian-farmer-in-a-field-scaled.jpg
42,father,http://i.huffpost.com/gen/1192482/images/o-FATHERHOOD-facebook.jpg
43,firefighter,https://th.bing.com/th/id/R.760740a1d782af49abd9a4f9f0a6b07d?rik=P%2fCWzWXRj3D%2bxw&riu=http%3a%2f%2fworkerslawwatch.gelmanmedia.com%2fwp-content%2fuploads%2fsites%2f4%2f2015%2f04%2ffirefighter.jpg&ehk=KOoRnZXJ337E6mbOjxgftANDrqZVWty8EDChKzXOz%2bw%3d&risl=&pid=ImgRaw&r=0
44,fish,https://www.fishkeepingwisdom.com/wp-content/uploads/2021/02/Depositphotos_44972311_ds-2048x1365.jpg
45,fluffy,https://m.media-amazon.com/images/M/MV5BMjMxOTUzODE5NF5BMl5BanBnXkFtZTgwMDA0MDIxMjE@._V1_.jpg
46,frame,https://articlegen.com/wp-content/uploads/2021/06/picture-frame-427233_1920.jpg
47,frog,http://2.bp.blogspot.com/-JfVO_Hwqlb4/TlOjgETXGnI/AAAAAAAAAc4/KYiJ_rRA5vA/s1600/tree_frog_3.jpg
48,frozen,https://image.tmdb.org/t/p/original/kgwjIb2JDHRhNk13lmSxiClFjVk.jpg
49,gentle,http://1.bp.blogspot.com/-Cmc4ecs010c/UOY4h-swOXI/AAAAAAAAKuQ/4MKW3BxkTgU/s1600/gentle.jpg
50,gloomy,https://th.bing.com/th/id/R.422b86a8468834e5b2c7c37ff8a581e6?rik=VYUAboTdoDrHpQ&pid=ImgRaw&r=0
51,glue,https://i5.walmartimages.com/asr/cf721cad-6bb2-4852-ac73-3f0540267ccf_1.cb5be9b04b41b1db303e4d6fe668f7c4.jpeg
52,gold,https://image.cnbcfm.com/api/v1/image/100281353-gold_bars_piles_gettyP.jpg?v=1494552432
53,grab,https://yt3.ggpht.com/a/AGF-l789Z2gFLEDKA0a3xZbdRmX5OhjDFsLEhovUYQ=s900-c-k-c0xffffffff-no-rj-mo
54,grade,http://www.photos-public-domain.com/wp-content/uploads/2012/07/a-school-letter-grade.jpg
55,grandma,https://clipground.com/images/animated-grandma-clipart-8.jpg
56,grandpa,https://www.thefamouspeople.com/profiles/images/angry-grandpa-2.jpg
57,grouchy,http://www.cartoonbucket.com/wp-content/uploads/2015/10/Grouchy-Smurf-Image-ty615.png
58,happy,https://cdn3.vectorstock.com/i/1000x1000/13/52/happy-smiley-face-emoticon-cartoon-vector-21261352.jpg
59,healthy,https://simplehealthfacts.com/media/2021/07/44-healthy-foods-to-eat-that-you-should-include-in-your-diet.jpg
60,helpful,https://shiftyourfamilybusiness.com/wp-content/uploads/2018/03/HelpingBlog18.jpg
61,highway,"https://www.thoughtco.com/thmb/HYRbbJQ-VDT4TepAcfa2BlzmcvY=/2121x1414/filters:fill(auto,1)/GettyImages-547031277-58ef97803df78cd3fc724e24.jpg"
62,hopeful,https://st2.depositphotos.com/4421371/10422/i/450/depositphotos_104221248-stock-photo-closeup-portrait-hopeful-beautiful-woman.jpg
63,horse,https://1.bp.blogspot.com/-G1r4t87aKuw/TieZvCZ0JHI/AAAAAAAAASA/Rj_oiTj3h3Q/s1600/Beautiful+horse.jpg
64,idea,https://www.tekportal.net/wp-content/uploads/2019/02/idea-4422.jpg
65,illustrate,https://miro.medium.com/freeze/max/1000/1*yqFK5iSu5ZsQ_bW3gEJ1_w.gif
66,image,https://www.wallpapers13.com/wp-content/uploads/2015/12/Nature-Lake-Bled.-Desktop-background-image.jpg
67,jacket,https://happygentleman.com/wp-content/uploads/2019/11/remmy-hood-mens-leather-jacket-red6.jpg
68,juice,https://www.thehealthy.com/wp-content/uploads/2019/09/GettyImages-825882916.jpg
69,jump,http://weknowyourdreams.com/images/jump/jump-08.jpg
70,kangaroo,http://upload.wikimedia.org/wikipedia/commons/0/0c/Kangaroo_Australia_01_11_2008_-_retouch.JPG
71,keep,http://c93fea60bb98e121740fc38ff31162a8.s3.amazonaws.com/wp-content/uploads/2016/05/keep.png
72,key,http://i0.wp.com/today.shoreline.edu/wp-content/uploads/2015/11/key.jpg
73,ladder,https://i5.walmartimages.com/asr/34704ccd-4cc4-42d5-af40-173e91f71925_1.4fa3dee0a9d257eb4a53c99c157b67b5.jpeg
74,lantern,http://2.bp.blogspot.com/_oD56-KtC_Sg/TJbwZW4YgXI/AAAAAAAAFCc/1L9SGkOf9bk/s1600/lantern.jpg
75,later,https://vignette2.wikia.nocookie.net/spongebob/images/8/89/Later.jpg/revision/latest?cb=20101111023641
76,laundry,"https://www.mydomaine.com/thmb/Vi8z_tl5E-jtHWSJyI-qAOEtarc=/3721x4722/filters:fill(auto,1)/DesignedbyEmilyHendersonDesign_PhotobySaraTramp_119-d0e62ecd6cd84842ad310439f47af7e4.jpg"
77,lazy,http://images.huffingtonpost.com/2015-08-21-1440198524-8759199-being_lazy_costs_money_shutterstock_285199181.jpg
78,letter,http://worldaidsmarathon.com/letters/Dean Skelos letter.jpg
79,light,https://static.independent.co.uk/s3fs-public/thumbnails/image/2016/01/11/17/15-light-bulb-rex.jpg
80,lion,http://upload.wikimedia.org/wikipedia/commons/4/49/Male_Lion_on_Rock.jpg
81,locker,https://upload.wikimedia.org/wikipedia/commons/0/06/School_lockers%2C_National_University_of_Singapore.jpg
82,lollipop,http://upload.wikimedia.org/wikipedia/commons/9/90/Lollipop-Rainbox-Swirl.jpg
83,loud,https://www.vmcdn.ca/f/files/shared/miscellaneous-stock-images/loud-adobestock_178542906.jpeg;w=1200;h=800;mode=crop
84,milk,https://www.oregondairy.com/wp-content/uploads/2016/05/Milk.jpg
85,mittens,https://www.yarnspirations.com/dw/image/v2/BBZD_PRD/on/demandware.static/-/Sites-master-catalog-spinrite/default/dwd496456e/images/hi-res/CAC0315-004044M.jpg?sw=2000&amp;sh=2000&amp;sm=fit
86,mom,https://assets.site-static.com/userFiles/182/image/Mother_and_Baby.jpg
87,month,https://cdn.teachercreated.com/covers/7628.png
88,morning,https://i.pinimg.com/originals/6d/23/6e/6d236ee1102d22b5bf790b70a7ebf1f4.jpg
89,mother,http://4.bp.blogspot.com/-a32zrFb8zNs/USzgCHY1AvI/AAAAAAAAE2Y/iv94R2phJ2s/s1600/mother+day+mother-cares-Baby.jpg
90,mountain,https://images5.alphacoders.com/336/thumb-1920-336729.jpg
91,musician,http://images.wisegeek.com/guitarist-playing-an-acoustic-guitar.jpg
92,narrow,https://www.publicdomainpictures.net/pictures/180000/velka/narrow-streets-1466160251AZ6.jpg
93,neck,https://i.redd.it/93q1wqytm2n31.jpg
94,next,https://www.shropshirestar.com/resizer/I0BKMz-Am9mUz2SPmnpklHWeH0I=/1200x0/cloudfront-us-east-1.images.arcpublishing.com/mna/IMZLZHMPQFBBZIZQEYBH3APFOY.jpg
95,nobody,https://www.newdvdreleasedates.com/images/posters/large/nobody-2021-01.jpg
96,noodle,https://www.thechunkychef.com/wp-content/uploads/2014/12/Spicy-Thai-Noodles-5.jpg
97,notch,https://th.bing.com/th/id/R.10290656459d90625cf2a747e87a35a5?rik=%2fB0o1vG0Pt8kuA&riu=http%3a%2f%2fs3.amazonaws.com%2ffinewoodworking.s3.tauntoncloud.com%2fapp%2fuploads%2f2016%2f09%2f05154501%2fv-block.jpg&ehk=EU7HADfcXf7Ooys%2fsqASiOdCZ3r4OZWcHPNftfkdxD4%3d&risl=&pid=ImgRaw&r=0
98,note,http://www.theyrenotourgoats.com/wp-content/uploads/2014/10/eighthnote2.jpg
99,number,https://clipartix.com/wp-content/uploads/2018/09/red-clipart-2018-24.jpg
100,oatmeal,https://www.fannetasticfood.com/wp-content/uploads/2012/05/high-protein-oatmeal-11.jpg
101,ocean,https://www.wallpaperup.com/uploads/wallpapers/2014/04/17/336100/676df79cfc124045f81b8f44bf289eab.jpg
102,office,https://allbusinesssystems.com/wp-content/uploads/2017/04/Signature-Cubicle-Furniture-OPS-2.jpg
103,open,http://ashvegas.com/wp-content/uploads/2012/11/open.jpg
104,oval,http://www.clipartbest.com/cliparts/acq/6e7/acq6e7Azi.jpg
105,pants,https://www.islandimporter.com/images/D/mens-linen-gray-dress-pants-beach-wedding-rear-view2.jpg
106,paper,https://1.bp.blogspot.com/-LQwimpnfSX0/YO6p0OtpAcI/AAAAAAAAVYc/dwgDNEx_ddw2f9UZhx9kdRdF50Obz9IfACLcBGAsYHQ/s1500/paper%2B1.jpg
107,park,https://upload.wikimedia.org/wikipedia/commons/3/3b/Rymill_park_path.jpg
108,patient,https://www.sacfirm.com/wp-content/uploads/2019/06/GettyImages-961288154-e1561759666671.jpg
109,pizza,https://pizzaneed.com/wp-content/uploads/2019/05/different-types-of-pizza.jpg
110,playground,http://magazine.funnewjersey.com/wp-content/uploads/2015/09/top-10-playgrounds-throughout-nj.jpg
111,polite,http://static1.squarespace.com/static/5899d8e16a496356e7f442b1/58a834aecd0f68a0820f0b15/58d137468419c21896bd28d2/1609614407026/Be+Polite+2500.jpg?format=1500w
112,pond,https://i.pinimg.com/originals/72/fb/ab/72fbab50d473bee465192ef6fe74845d.jpg
113,pony,http://upload.wikimedia.org/wikipedia/commons/e/e0/Shetland_pony.jpg
114,proud,https://genesis-biomed.com/wp-content/uploads/2018/05/proud.jpg
115,quart,https://i5.walmartimages.com/asr/81fdc4fd-c31b-4139-8feb-acaaac91da76_1.222bd4bfc3c7bf77c89260cba4fb9ace.jpeg
116,quibble,http://img1.wikia.nocookie.net/__cb20120916223844/mysingingmonsters/images/f/fb/Quibble.png
117,quick,https://clipground.com/images/fastest-clipart-12.jpg
118,quiet,https://www.ou.org/life/files/Quiet-Kid.jpg
119,quiz,https://i.pinimg.com/originals/a5/a5/7b/a5a57b378178869c162a3fea01c9ab82.jpg
120,rabbit,"http://upload.wikimedia.org/wikipedia/commons/a/a5/European_Rabbit,_Lake_District,_UK_-_August_2011.jpg"
121,railroad,http://www.publicdomainpictures.net/pictures/180000/velka/railroad-14639298288gn.jpg
122,raisin,https://cdn.britannica.com/57/131157-050-34C34151/raisins.jpg
123,rectangle,https://th.bing.com/th/id/OIP.PQcy1lFfTd1aV2ly660hBQHaEh?pid=ImgDet&rs=1
124,round,https://webstockreview.net/images/gold-clipart-circle-14.png
125,route,http://www.newdowse.org.nz/wp-content/uploads/2021/04/route-road-heat.jpg
126,sandwich,https://www.victoriacentrellandudno.co.uk/wp-content/uploads/2016/06/Ham-Sandwich.jpg
127,shirt,https://cdn.shopify.com/s/files/1/1007/6022/products/nmt_mn_shrt_fln_csl_CHK7C2_FGBK_img1.jpg?v=1510096671
128,shoes,http://styloplanet.com/wp-content/uploads/2015/10/Men-causal-laceup-shoes-6.jpg
129,sister,https://1.bp.blogspot.com/-GbdddtRYab0/TvsKg6SO5mI/AAAAAAAABNI/5LwC-xRR2FA/s1600/Sister+Wallpaper8.jpg
130,skirt,https://i5.walmartimages.com/asr/fd2a245b-b042-4921-935e-fe0a741add0e_1.a7788d74acc95245f32bfc958d3775ba.jpeg
131,sleepy,https://booksrun.com/blog/wp-content/uploads/2019/02/63911-1024x683.jpg
132,snowy,https://www.pngkit.com/png/detail/2-20182_snowfall-png-pic-snowy-weather-clip-art.png
133,socks,https://i5.walmartimages.com/asr/44301960-203d-4eea-88b0-0ab864f263c6_2.de48791ad0b35ec81420585eece43c9f.jpeg
134,sparkly,http://s1.picswalls.com/wallpapers/2014/08/16/beautiful-sparkle-wallpaper_07270430_209.jpg
135,spider,https://ediblesanmarcos.files.wordpress.com/2010/11/100_1244.jpg
136,spring,https://tenfp.co.uk/wp-content/uploads/2018/03/spring-1.jpg
137,square,http://www.clipartbest.com/cliparts/Kcj/eR5/KcjeR59pi.jpeg
138,stormy,http://cdn.wallpapersafari.com/68/84/vFL3Vq.jpg
139,summer,https://www.hdwallpaper.nu/wp-content/uploads/2015/06/Summer-3D-Text-on-Sand-HD-Wallpaper.jpg
140,sunny,http://wallpapercave.com/wp/CqOvBFE.jpg
141,teacher,"https://fthmb.tqn.com/bzCTJWqcE4bZCuV_XXuCJw6zfMo=/2121x1414/filters:fill(auto,1)/GettyImages-548929135-59f24924d088c000104ed810.jpg"
142,tiger,https://wallpapercave.com/wp/UBWCF1e.jpg
143,tomorrow,http://www.seeds4thesoul.com/wp-content/uploads/2016/03/Today-Tomorrow.jpg
144,towel,https://i5.walmartimages.com/asr/7a449d13-d898-4524-933d-cc6fc071a67f_4.b445971817215e80010b50125fdabced.jpeg
145,triangle,https://pngimg.com/uploads/triangle/triangle_PNG15.png
146,trunk,https://www.foreststreetdesigns.com/wp-content/uploads/2015/10/Trunk-angle-one.jpg
147,tunnel,https://www.fpri.org/docs/field/image/entrance_to_an_abandoned_train_tunnel.jpg
148,twice,https://res.cloudinary.com/dk-find-out/image/upload/q_70,c_pad,w_1200,h_630,f_auto/2_icon_blbas5.jpg
149,twirl,https://thumbs.dreamstime.com/b/funky-twirl-1515978.jpg
150,twist,https://th.bing.com/th/id/R.ad4b8d5f5daafa4e0a5937d71b446461?rik=onD%2bS6EwJ%2fFCPQ&riu=http%3a%2f%2fmedia-cache-ak0.pinimg.com%2f736x%2ff1%2f86%2f28%2ff1862838b23366f5e4f43e68aaefa944.jpg&ehk=mtusi1h83ks%2bzjo0N4Gqz5qBPEwWD23wYDMm0g3btfA%3d&risl=&pid=ImgRaw&r=0
151,tie,https://stephdavis.co/wp-content/uploads/2016/12/fixed-line-8s.jpg
152,umbrella,https://m.media-amazon.com/images/I/61g7qrq9bQL._SL1200_.jpg
153,uncle,https://artworks.thetvdb.com/banners/posters/277059-2.jpg
154,upset,http://goldenageofgaia.com/wp-content/uploads/2010/09/upset2.jpg
155,upstairs,https://i.pinimg.com/originals/2b/58/78/2b5878f720bb70dd5999bb17b5a533ed.jpg
156,valley,https://wallpapercave.com/wp/wp4064343.jpg
157,vegetable,https://cofarmbureaublog.files.wordpress.com/2011/03/veggie.jpg
158,useful,https://get.pxhere.com/photo/creative-road-traffic-advertising-sign-fruitful-street-sign-signage-lane-note-road-sign-use-shield-not-useless-billboard-pointless-neighbourhood-effective-useful-traffic-sign-hard-working-town-sign-place-name-sign-resourceful-unusable-productive-industrious-usefulness-superfluous-mother-of-invention-prosperously-ertragf-hig-full-of-ideas-constructive-1230579.jpg
159,vest,https://i5.walmartimages.com/asr/88fa7680-a15f-44c6-872f-06ab64797a42.df5f68b7e332c47e1e8b76becc1b0ad6.jpeg
160,visitor,http://clipart-library.com/img1/1265572.gif
161,warm,https://www.aaawindowsolutions.com/wp-content/uploads/AAA-Keep-Warm-Winter-Blog.jpg
162,water,https://oeconline.org/wp-content/uploads/2014/11/Dollarphotoclub_57954146.jpg
163,weather,https://weatherboy.com/wp-content/uploads/2020/02/StormWow.jpg
164,week,https://i2.wp.com/101planners.com/wp-content/uploads/2020/07/Blank-Weekly-Calendar-4.png
165,welcome,https://image.freepik.com/free-photo/woman-doing-welcome-gesture_1149-1755.jpg
166,wheel,http://www.pngplay.com/wp-content/uploads/2/Car-Wheel-PNG-Images-HD.png
167,whisper,http://kirkweisler.com/wp-content/uploads/2018/02/kwhisper-2.jpg
168,windy,https://wallpapercave.com/wp/wp2108762.jpg
169,winter,https://cdn.wallpapersafari.com/93/1/NJ0Aw7.jpg
170,worried,http://clipart-library.com/images/yckrdeqzi.jpg
171,wriggle,http://www.vidtionary.com/wp/wp-content/uploads/2020/AAA/wriggle-WOW-still.jpg
172,year,https://cgicanada.org/wp-content/uploads/2018/01/new-year-3052105_1920.jpg
173,yell,https://images.freeimages.com/images/large-previews/7f3/yell-1246142.jpg
174,yesterday,https://www.themoviedb.org/t/p/original/rlGGMXbjyGyAPL5ZvTZDmB7QMNG.jpg
175,zipper,https://i5.walmartimages.com/asr/936af2b0-9e4f-492a-a74b-d35636ae2c43_1.9012756e4e050712b5f88faa7846bcee.jpeg
